{"0": [-0.03360911, -0.04534563, -0.04534563, -0.0266739, -0.01007681, -0.01007681, -0.01132159, -0.01309985], "4": [-0.01007681, -0.01007681, -0.01132159, -0.01309985, -0.01309985, -0.0225839, -0.04534563, -0.04534563], "8": [-0.01309985, -0.0225839, -0.04534563, -0.04534563, -0.03912172, -0.01007681, -0.01007681, -0.0043271], "12": [-0.03912172, -0.01007681, -0.01007681, -0.0043271, 0.08766822, 0.08766822, 0.08766822, -0.10296125], "16": [0.08766822, 0.08766822, 0.08766822, -0.10296125, -0.1148756, -0.1148756, -0.00533478, 0.01813825], "20": [-0.1148756, -0.1148756, -0.00533478, 0.01813825, 0.01813825, 0.11700951, 0.15820586, 0.15820586], "24": [0.01813825, 0.11700951, 0.15820586, 0.15820586, 0.24059858, 0.29827348, 0.29827348, -0.05453331], "28": [0.24059858, 0.29827348, 0.29827348, -0.05453331, -0.45144094, -0.45144094, -0.24978625, 0.119914], "32": [-0.45144094, -0.45144094, -0.24978625, 0.119914, 0.119914, 0.13153196, 0.16929035, 0.16929035], "36": [0.119914, 0.13153196, 0.16929035, 0.16929035, 0.18351643, 0.29021203, 0.29021203, 0.29021203]}