{"0": [-0.05905784854999062, 0.03148965536901151, 0.007271810171581558, -0.0028909625461993223, -0.007827796005377495, -0.026253649525633943, 0.08604577590058404, 0.03571649170583305], "4": [0.002899390764074028, -0.0032949949209720463, 0.06964580147546481, -0.011842553689208803, -0.06676356973100578, 0.05081356959952346, -0.003383981419261342, -0.04751589307173951], "8": [0.008630200000758856, 0.03047192330441272, 0.012124910524429974, 0.013153217888320978, 0.00013965989353418445, 0.03433158423993227, 0.0015437478693939577, -0.0014713514246139647], "12": [-0.0018122901961083876, 0.03330796434235215, 0.0051406130004173906, 0.031488495892179315, 0.037206654638739095, 0.01158817468499651, -0.026147101715702642, -0.02653864338706806], "16": [-0.029593403623171907, -0.008793887413240066, -0.02575507182948837, -0.0218020298687384, 0.004850689658618561, -0.038057058407101746, 0.012481781371928055, 0.023462902752306697], "20": [0.01524295891994018, -0.00738765967150396, -0.016902909755373743, -0.023042778743254902, 0.0005668033188394039, -0.02811721469101744, 0.0018101136477967072, -0.002285213569298228], "24": [-0.008611911695038652, 0.019738132742508983, 0.024532715108270417, -0.0033814363857900785, -0.015437308407808416, 0.016065464407222035, 0.016701166476430662, -0.00130473693920595], "28": [-0.018145741713626998, 0.02033639986866711, -0.04050302467259688, 0.010096677401089733, 0.005542795476482863, -0.0010605492276928585, 0.07733993492997318, 0.04793804958000891], "32": [-0.0008229205103613413, -0.018419275954568885, 0.035370612626493145, -0.04039656208985871, -0.0312636289350796, 0.01866469561427722, -0.0024364597121489667, 0.008120198287182856], "36": [-0.012903419693122906, 0.04240209938624912, -0.020594459881631985, 0.018937741867271634, -0.004685692193008913, -0.0036573527107160164, 0.040560739891676134, 0.01209854709676704]}