{"0": [-0.00359689, -0.15532265, 0.02059001, -0.00774687, -0.04051215, -0.06951139, 0.05566519, -0.09812896], "4": [-0.04051215, -0.06951139, 0.05566519, -0.09812896, -0.02947841, 0.07954735, -0.10791055, 0.04062235], "8": [-0.02947841, 0.07954735, -0.10791055, 0.04062235, -0.07294587, -0.05986747, 0.03914796, -0.04038616], "12": [-0.07294587, -0.05986747, 0.03914796, -0.04038616, 0.11543719, 0.14910417, 0.07148441, -0.21149126], "16": [0.11543719, 0.14910417, 0.07148441, -0.21149126, -0.11946904, -0.11465432, 0.03189221, -0.02699462], "20": [-0.11946904, -0.11465432, 0.03189221, -0.02699462, 0.01624042, 0.17413787, 0.07617298, 0.28007243], "24": [0.01624042, 0.17413787, 0.07617298, 0.28007243, 0.19720545, 0.24092677, 0.31636726, 0.07636217], "28": [0.19720545, 0.24092677, 0.31636726, 0.07636217, -0.5034724, -0.52735549, -0.17150852, 0.14076165], "32": [-0.5034724, -0.52735549, -0.17150852, 0.14076165, 0.03912684, 0.08221174, 0.21118075, 0.1281855], "36": [0.03912684, 0.08221174, 0.21118075, 0.1281855, 0.27970602, 0.19938546, 0.43675182, 0.24530582]}